name,email,year,month,day
Ankha,nwilsonautomated@yahoo.com,2001,1,1
Shrunk,nwilsonautomated@yahoo.com,2001,1,2
Poncho,nwilsonautomated@yahoo.com,2001,1,2
Joey,nwilsonautomated@yahoo.com,2001,1,3
Diana,nwilsonautomated@yahoo.com,2001,1,4
Dizzy,nwilsonautomated@yahoo.com,2001,1,4
Roald,nwilsonautomated@yahoo.com,2001,1,5
Carmen,nwilsonautomated@yahoo.com,2001,1,6
Harry,nwilsonautomated@yahoo.com,2001,1,7
Joan,nwilsonautomated@yahoo.com,2001,1,8
Pierce,nwilsonautomated@yahoo.com,2001,1,8
Tiffany,nwilsonautomated@yahoo.com,2001,1,9
Papi,nwilsonautomated@yahoo.com,2001,1,10
Maddie,nwilsonautomated@yahoo.com,2001,1,11
Moe,nwilsonautomated@yahoo.com,2001,1,12
Puddles,nwilsonautomated@yahoo.com,2001,1,13
Velma,nwilsonautomated@yahoo.com,2001,1,14
Gladys,nwilsonautomated@yahoo.com,2001,1,15
Ursala,nwilsonautomated@yahoo.com,2001,1,16
Rizzo,nwilsonautomated@yahoo.com,2001,1,17
Sherb,nwilsonautomated@yahoo.com,2001,1,18
Simon,nwilsonautomated@yahoo.com,2001,1,19
Opal,nwilsonautomated@yahoo.com,2001,1,20
Genji,nwilsonautomated@yahoo.com,2001,1,21
Francine,nwilsonautomated@yahoo.com,2001,1,22
Gwen,nwilsonautomated@yahoo.com,2001,1,23
Rhonda,nwilsonautomated@yahoo.com,2001,1,24
Savannah,nwilsonautomated@yahoo.com,2001,1,25
Vivian,nwilsonautomated@yahoo.com,2001,1,26
Admiral,nwilsonautomated@yahoo.com,2001,1,27
Aurora,nwilsonautomated@yahoo.com,2001,1,27
Margie,nwilsonautomated@yahoo.com,2001,1,28
Cube,nwilsonautomated@yahoo.com,2001,1,29
Flurry,nwilsonautomated@yahoo.com,2001,1,30
Harriet,nwilsonautomated@yahoo.com,2001,1,31
Winnie,nwilsonautomated@yahoo.com,2001,1,31
Bill,nwilsonautomated@yahoo.com,2001,2,1
Jitters,nwilsonautomated@yahoo.com,2001,2,2
Olivia,nwilsonautomated@yahoo.com,2001,2,3
Lily,nwilsonautomated@yahoo.com,2001,2,4
Penelope,nwilsonautomated@yahoo.com,2001,2,5
Annalisa,nwilsonautomated@yahoo.com,2001,2,6
Boomer,nwilsonautomated@yahoo.com,2001,2,7
Blanca,nwilsonautomated@yahoo.com,2001,2,8
Frobert,nwilsonautomated@yahoo.com,2001,2,8
Cleo,nwilsonautomated@yahoo.com,2001,2,9
Flora,nwilsonautomated@yahoo.com,2001,2,9
Stitches,nwilsonautomated@yahoo.com,2001,2,10
Pompom,nwilsonautomated@yahoo.com,2001,2,11
Drago,nwilsonautomated@yahoo.com,2001,2,12
Ribbot,nwilsonautomated@yahoo.com,2001,2,13
Muffy,nwilsonautomated@yahoo.com,2001,2,14
Kitty,nwilsonautomated@yahoo.com,2001,2,15
Anabelle,nwilsonautomated@yahoo.com,2001,2,16
Dobie,nwilsonautomated@yahoo.com,2001,2,17
Dora,nwilsonautomated@yahoo.com,2001,2,18
Freckles,nwilsonautomated@yahoo.com,2001,2,19
Sprinkle,nwilsonautomated@yahoo.com,2001,2,20
Puck,nwilsonautomated@yahoo.com,2001,2,21
Avery,nwilsonautomated@yahoo.com,2001,2,22
Pate,nwilsonautomated@yahoo.com,2001,2,23
Anicotti,nwilsonautomated@yahoo.com,2001,2,24
Hamphrey,nwilsonautomated@yahoo.com,2001,2,25
Wendell,nwilsonautomated@yahoo.com,2001,2,25
Sheldon,nwilsonautomated@yahoo.com,2001,2,26
Wisp,nwilsonautomated@yahoo.com,2001,2,26
Rosie,nwilsonautomated@yahoo.com,2001,2,27
Naomi,nwilsonautomated@yahoo.com,2001,2,28
Coco,nwilsonautomated@yahoo.com,2001,3,1
Barold,nwilsonautomated@yahoo.com,2001,3,2
Bonbon,nwilsonautomated@yahoo.com,2001,3,3
Pave,nwilsonautomated@yahoo.com,2001,3,3
Anchovy,nwilsonautomated@yahoo.com,2001,3,4
Gala,nwilsonautomated@yahoo.com,2001,3,5
Chevre,nwilsonautomated@yahoo.com,2001,3,6
Chai,nwilsonautomated@yahoo.com,2001,3,6
Molly,nwilsonautomated@yahoo.com,2001,3,7
C,nwilsonautomated@yahoo.com,2001,3,7
Pete,nwilsonautomated@yahoo.com,2001,3,8
Zucker,nwilsonautomated@yahoo.com,2001,3,8
Cyrano,nwilsonautomated@yahoo.com,2001,3,9
Hopkins,nwilsonautomated@yahoo.com,2001,3,11
Zipper,nwilsonautomated@yahoo.com,2001,3,11
Midge,nwilsonautomated@yahoo.com,2001,3,12
Dotty,nwilsonautomated@yahoo.com,2001,3,14
Julian,nwilsonautomated@yahoo.com,2001,3,15
Doc,nwilsonautomated@yahoo.com,2001,3,16
Cheri,nwilsonautomated@yahoo.com,2001,3,17
Dom,nwilsonautomated@yahoo.com,2001,3,18
Merengue,nwilsonautomated@yahoo.com,2001,3,19
Pelly,nwilsonautomated@yahoo.com,2001,3,19
Hornsby,nwilsonautomated@yahoo.com,2001,3,20
Elise,nwilsonautomated@yahoo.com,2001,3,21
Paula,nwilsonautomated@yahoo.com,2001,3,22
Axel,nwilsonautomated@yahoo.com,2001,3,23
Skye,nwilsonautomated@yahoo.com,2001,3,24
Billy,nwilsonautomated@yahoo.com,2001,3,25
Celia,nwilsonautomated@yahoo.com,2001,3,25
Fauna,nwilsonautomated@yahoo.com,2001,3,26
Louie,nwilsonautomated@yahoo.com,2001,3,26
Lolly,nwilsonautomated@yahoo.com,2001,3,27
Baabara,nwilsonautomated@yahoo.com,2001,3,28
Biff,nwilsonautomated@yahoo.com,2001,3,29
Felicity,nwilsonautomated@yahoo.com,2001,3,30
Klaus,nwilsonautomated@yahoo.com,2001,3,31
Cashmere,nwilsonautomated@yahoo.com,2001,4,2
Tammi,nwilsonautomated@yahoo.com,2001,4,2
Eunice,nwilsonautomated@yahoo.com,2001,4,3
Buck,nwilsonautomated@yahoo.com,2001,4,4
Beau,nwilsonautomated@yahoo.com,2001,4,5
Hopper,nwilsonautomated@yahoo.com,2001,4,6
Resetti,nwilsonautomated@yahoo.com,2001,4,6
Rasher,nwilsonautomated@yahoo.com,2001,4,7
Maelle,nwilsonautomated@yahoo.com,2001,4,8
Stella,nwilsonautomated@yahoo.com,2001,4,9
Shari,nwilsonautomated@yahoo.com,2001,4,10
Punchy,nwilsonautomated@yahoo.com,2001,4,11
Melba,nwilsonautomated@yahoo.com,2001,4,12
Candi,nwilsonautomated@yahoo.com,2001,4,13
Rocket,nwilsonautomated@yahoo.com,2001,4,14
Grams,nwilsonautomated@yahoo.com,2001,4,15
Vesta,nwilsonautomated@yahoo.com,2001,4,16
Charlise,nwilsonautomated@yahoo.com,2001,4,17
Porter,nwilsonautomated@yahoo.com,2001,4,17
Piper,nwilsonautomated@yahoo.com,2001,4,18
Pietro,nwilsonautomated@yahoo.com,2001,4,19
Stu,nwilsonautomated@yahoo.com,2001,4,20
Agnes,nwilsonautomated@yahoo.com,2001,4,21
Phoebe,nwilsonautomated@yahoo.com,2001,4,22
Booker,nwilsonautomated@yahoo.com,2001,4,23
Miranda,nwilsonautomated@yahoo.com,2001,4,23
Walt,nwilsonautomated@yahoo.com,2001,4,24
Bertha,nwilsonautomated@yahoo.com,2001,4,25
Kevin,nwilsonautomated@yahoo.com,2001,4,26
Katt,nwilsonautomated@yahoo.com,2001,4,27
Ava,nwilsonautomated@yahoo.com,2001,4,28
Coach,nwilsonautomated@yahoo.com,2001,4,29
Angus,nwilsonautomated@yahoo.com,2001,4,30
Clyde,nwilsonautomated@yahoo.com,2001,5,1
Don,nwilsonautomated@yahoo.com,2001,5,1
Mint,nwilsonautomated@yahoo.com,2001,5,2
Carlo,nwilsonautomated@yahoo.com,2001,5,3
Sylvia,nwilsonautomated@yahoo.com,2001,5,3
Deirdre,nwilsonautomated@yahoo.com,2001,5,4
Paolo,nwilsonautomated@yahoo.com,2001,5,5
Daisy Mae,nwilsonautomated@yahoo.com,2001,5,5
Tank,nwilsonautomated@yahoo.com,2001,5,6
Ozzie,nwilsonautomated@yahoo.com,2001,5,7
Curlos,nwilsonautomated@yahoo.com,2001,5,8
Bunnie,nwilsonautomated@yahoo.com,2001,5,9
Patty,nwilsonautomated@yahoo.com,2001,5,10
Flick,nwilsonautomated@yahoo.com,2001,5,10
Cherry,nwilsonautomated@yahoo.com,2001,5,11
Ellie,nwilsonautomated@yahoo.com,2001,5,12
Biskit,nwilsonautomated@yahoo.com,2001,5,13
Canberra,nwilsonautomated@yahoo.com,2001,5,14
Leonardo,nwilsonautomated@yahoo.com,2001,5,15
Ike,nwilsonautomated@yahoo.com,2001,5,16
Gayle,nwilsonautomated@yahoo.com,2001,5,17
Pekoe,nwilsonautomated@yahoo.com,2001,5,18
Olaf,nwilsonautomated@yahoo.com,2001,5,19
T,nwilsonautomated@yahoo.com,2001,5,20
June,nwilsonautomated@yahoo.com,2001,5,21
Colton,nwilsonautomated@yahoo.com,2001,5,22
Mabel,nwilsonautomated@yahoo.com,2001,5,22
Peggy,nwilsonautomated@yahoo.com,2001,5,23
Deli,nwilsonautomated@yahoo.com,2001,5,24
Derwin,nwilsonautomated@yahoo.com,2001,5,25
Gulliver,nwilsonautomated@yahoo.com,2001,5,25
Bruce,nwilsonautomated@yahoo.com,2001,5,26
Del,nwilsonautomated@yahoo.com,2001,5,27
Ren√©e,nwilsonautomated@yahoo.com,2001,5,28
Purrl,nwilsonautomated@yahoo.com,2001,5,29
Hamlet,nwilsonautomated@yahoo.com,2001,5,30
Tom Nook,nwilsonautomated@yahoo.com,2001,5,30
Marcie,nwilsonautomated@yahoo.com,2001,5,31
Keaton,nwilsonautomated@yahoo.com,2001,6,1
Lucy,nwilsonautomated@yahoo.com,2001,6,2
Filbert,nwilsonautomated@yahoo.com,2001,6,3
Reneigh,nwilsonautomated@yahoo.com,2001,6,4
Camofrog,nwilsonautomated@yahoo.com,2001,6,5
Lyle,nwilsonautomated@yahoo.com,2001,6,6
Timmy,nwilsonautomated@yahoo.com,2001,6,7
Tommy,nwilsonautomated@yahoo.com,2001,6,7
Zell,nwilsonautomated@yahoo.com,2001,6,7
Peanut,nwilsonautomated@yahoo.com,2001,6,8
Alfonso,nwilsonautomated@yahoo.com,2001,6,9
Walker,nwilsonautomated@yahoo.com,2001,6,10
Pudge,nwilsonautomated@yahoo.com,2001,6,11
Bettina,nwilsonautomated@yahoo.com,2001,6,12
Scoot,nwilsonautomated@yahoo.com,2001,6,13
Pippy,nwilsonautomated@yahoo.com,2001,6,14
Maple,nwilsonautomated@yahoo.com,2001,6,15
Roscoe,nwilsonautomated@yahoo.com,2001,6,16
Spike,nwilsonautomated@yahoo.com,2001,6,17
Tangy,nwilsonautomated@yahoo.com,2001,6,17
Cookie,nwilsonautomated@yahoo.com,2001,6,18
Sally,nwilsonautomated@yahoo.com,2001,6,19
Graham,nwilsonautomated@yahoo.com,2001,6,20
Phineas,nwilsonautomated@yahoo.com,2001,6,20
Sydney,nwilsonautomated@yahoo.com,2001,6,21
Jacques,nwilsonautomated@yahoo.com,2001,6,22
Tammy,nwilsonautomated@yahoo.com,2001,6,23
Bluebear,nwilsonautomated@yahoo.com,2001,6,24
Drake,nwilsonautomated@yahoo.com,2001,6,25
Marina,nwilsonautomated@yahoo.com,2001,6,26
Deena,nwilsonautomated@yahoo.com,2001,6,27
Cooper,nwilsonautomated@yahoo.com,2001,6,28
Kidd,nwilsonautomated@yahoo.com,2001,6,28
Merry,nwilsonautomated@yahoo.com,2001,6,29
Broccolo,nwilsonautomated@yahoo.com,2001,6,30
Weber,nwilsonautomated@yahoo.com,2001,6,30
Curt,nwilsonautomated@yahoo.com,2001,7,1
Agent S.,nwilsonautomated@yahoo.com,2001,7,2
Blaire,nwilsonautomated@yahoo.com,2001,7,3
Apollo,nwilsonautomated@yahoo.com,2001,7,4
Samson,nwilsonautomated@yahoo.com,2001,7,5
Mira,nwilsonautomated@yahoo.com,2001,7,6
Bree,nwilsonautomated@yahoo.com,2001,7,7
Jeremiah,nwilsonautomated@yahoo.com,2001,7,8
Huck,nwilsonautomated@yahoo.com,2001,7,9
Static,nwilsonautomated@yahoo.com,2001,7,9
Mott,nwilsonautomated@yahoo.com,2001,7,10
Victoria,nwilsonautomated@yahoo.com,2001,7,11
Olive,nwilsonautomated@yahoo.com,2001,7,12
Twiggy,nwilsonautomated@yahoo.com,2001,7,13
Dizzy,nwilsonautomated@yahoo.com,2001,7,14
Caroline,nwilsonautomated@yahoo.com,2001,7,15
Frita,nwilsonautomated@yahoo.com,2001,7,16
Jay,nwilsonautomated@yahoo.com,2001,7,17
Croque,nwilsonautomated@yahoo.com,2001,7,18
Beppe,nwilsonautomated@yahoo.com,2001,7,18
Nibbles,nwilsonautomated@yahoo.com,2001,7,19
Pascal,nwilsonautomated@yahoo.com,2001,7,19
Yuka,nwilsonautomated@yahoo.com,2001,7,20
Prince,nwilsonautomated@yahoo.com,2001,7,21
Chow,nwilsonautomated@yahoo.com,2001,7,22
Elvis,nwilsonautomated@yahoo.com,2001,7,23
O'Hare,nwilsonautomated@yahoo.com,2001,7,24
Rex,nwilsonautomated@yahoo.com,2001,7,24
Nat,nwilsonautomated@yahoo.com,2001,7,25
Peck,nwilsonautomated@yahoo.com,2001,7,25
Curly,nwilsonautomated@yahoo.com,2001,7,26
Erik,nwilsonautomated@yahoo.com,2001,7,27
Ketchup,nwilsonautomated@yahoo.com,2001,7,27
Truffles,nwilsonautomated@yahoo.com,2001,7,28
Lionel,nwilsonautomated@yahoo.com,2001,7,29
Frank,nwilsonautomated@yahoo.com,2001,7,30
Grizzly,nwilsonautomated@yahoo.com,2001,7,31
Julia,nwilsonautomated@yahoo.com,2001,7,31
Kid Cat,nwilsonautomated@yahoo.com,2001,8,1
Vladimir,nwilsonautomated@yahoo.com,2001,8,2
Harvey,nwilsonautomated@yahoo.com,2001,8,2
Benjamin,nwilsonautomated@yahoo.com,2001,8,3
Tad,nwilsonautomated@yahoo.com,2001,8,3
Bones,nwilsonautomated@yahoo.com,2001,8,4
Poppy,nwilsonautomated@yahoo.com,2001,8,5
Chester,nwilsonautomated@yahoo.com,2001,8,6
Boots,nwilsonautomated@yahoo.com,2001,8,7
Rory,nwilsonautomated@yahoo.com,2001,8,7
Bud,nwilsonautomated@yahoo.com,2001,8,8
Leif,nwilsonautomated@yahoo.com,2001,8,8
Soleil,nwilsonautomated@yahoo.com,2001,8,9
Cole,nwilsonautomated@yahoo.com,2001,8,10
Gigi,nwilsonautomated@yahoo.com,2001,8,11
Gloria,nwilsonautomated@yahoo.com,2001,8,12
Tabby,nwilsonautomated@yahoo.com,2001,8,13
Leopold,nwilsonautomated@yahoo.com,2001,8,14
Rod,nwilsonautomated@yahoo.com,2001,8,14
Wendy,nwilsonautomated@yahoo.com,2001,8,15
Leila,nwilsonautomated@yahoo.com,2001,8,16
Nate,nwilsonautomated@yahoo.com,2001,8,16
Stinky,nwilsonautomated@yahoo.com,2001,8,17
Rocco,nwilsonautomated@yahoo.com,2001,8,18
Alice,nwilsonautomated@yahoo.com,2001,8,19
Tybalt,nwilsonautomated@yahoo.com,2001,8,19
Lopez,nwilsonautomated@yahoo.com,2001,8,20
Wart Jr.,nwilsonautomated@yahoo.com,2001,8,21
Rolf,nwilsonautomated@yahoo.com,2001,8,22
K.K. Slider,nwilsonautomated@yahoo.com,2001,8,23
Nana,nwilsonautomated@yahoo.com,2001,8,23
Jacob,nwilsonautomated@yahoo.com,2001,8,24
Nan,nwilsonautomated@yahoo.com,2001,8,24
Tipper,nwilsonautomated@yahoo.com,2001,8,25
Rowan,nwilsonautomated@yahoo.com,2001,8,26
Bangle,nwilsonautomated@yahoo.com,2001,8,27
Chrissy,nwilsonautomated@yahoo.com,2001,8,28
Lloid,nwilsonautomated@yahoo.com,2001,8,28
Gruff,nwilsonautomated@yahoo.com,2001,8,29
Hazel,nwilsonautomated@yahoo.com,2001,8,30
Audie,nwilsonautomated@yahoo.com,2001,8,31
Violet,nwilsonautomated@yahoo.com,2001,9,1
Flo,nwilsonautomated@yahoo.com,2001,9,2
Maggie,nwilsonautomated@yahoo.com,2001,9,3
Spork,nwilsonautomated@yahoo.com,2001,9,3
Cally,nwilsonautomated@yahoo.com,2001,9,4
Greta,nwilsonautomated@yahoo.com,2001,9,5
Cesar,nwilsonautomated@yahoo.com,2001,9,6
Giovanni,nwilsonautomated@yahoo.com,2001,9,6
Celeste,nwilsonautomated@yahoo.com,2001,9,7
Tucker,nwilsonautomated@yahoo.com,2001,9,7
Astrid,nwilsonautomated@yahoo.com,2001,9,8
Pinky,nwilsonautomated@yahoo.com,2001,9,9
Pecan,nwilsonautomated@yahoo.com,2001,9,10
Peewee,nwilsonautomated@yahoo.com,2001,9,11
Lottie,nwilsonautomated@yahoo.com,2001,9,12
Boone,nwilsonautomated@yahoo.com,2001,9,12
Moose,nwilsonautomated@yahoo.com,2001,9,13
Ricky,nwilsonautomated@yahoo.com,2001,9,14
Tutu,nwilsonautomated@yahoo.com,2001,9,15
Ed,nwilsonautomated@yahoo.com,2001,9,16
Whitney,nwilsonautomated@yahoo.com,2001,9,17
Bubbles,nwilsonautomated@yahoo.com,2001,9,18
Fuchsia,nwilsonautomated@yahoo.com,2001,9,19
Norma,nwilsonautomated@yahoo.com,2001,9,20
Octavian,nwilsonautomated@yahoo.com,2001,9,20
Henry,nwilsonautomated@yahoo.com,2001,9,21
Ankha,nwilsonautomated@yahoo.com,2001,9,22
Cranston,nwilsonautomated@yahoo.com,2001,9,23
Apple,nwilsonautomated@yahoo.com,2001,9,24
Blathers,nwilsonautomated@yahoo.com,2001,9,24
Mitzi,nwilsonautomated@yahoo.com,2001,9,25
Leilani,nwilsonautomated@yahoo.com,2001,9,26
Teddy,nwilsonautomated@yahoo.com,2001,9,26
Kody,nwilsonautomated@yahoo.com,2001,9,28
Marshal,nwilsonautomated@yahoo.com,2001,9,29
Monique,nwilsonautomated@yahoo.com,2001,9,30
Boyd,nwilsonautomated@yahoo.com,2001,10,1
Raymond,nwilsonautomated@yahoo.com,2001,10,1
Diva,nwilsonautomated@yahoo.com,2001,10,2
Orville,nwilsonautomated@yahoo.com,2001,10,2
Big Top,nwilsonautomated@yahoo.com,2001,10,3
Goose,nwilsonautomated@yahoo.com,2001,10,4
Elmer,nwilsonautomated@yahoo.com,2001,10,5
Bitty,nwilsonautomated@yahoo.com,2001,10,6
Tex,nwilsonautomated@yahoo.com,2001,10,6
Cobb,nwilsonautomated@yahoo.com,2001,10,7
Kiki,nwilsonautomated@yahoo.com,2001,10,8
Drift,nwilsonautomated@yahoo.com,2001,10,9
Franklin,nwilsonautomated@yahoo.com,2001,10,10
Benedict,nwilsonautomated@yahoo.com,2001,10,10
Kitt,nwilsonautomated@yahoo.com,2001,10,11
Plucky,nwilsonautomated@yahoo.com,2001,10,12
Lyman,nwilsonautomated@yahoo.com,2001,10,12
Chops,nwilsonautomated@yahoo.com,2001,10,13
Gonzo,nwilsonautomated@yahoo.com,2001,10,13
Egbert,nwilsonautomated@yahoo.com,2001,10,14
Bea,nwilsonautomated@yahoo.com,2001,10,15
Brewster,nwilsonautomated@yahoo.com,2001,10,15
Hippeux,nwilsonautomated@yahoo.com,2001,10,15
Friga,nwilsonautomated@yahoo.com,2001,10,16
Limberg,nwilsonautomated@yahoo.com,2001,10,17
Redd,nwilsonautomated@yahoo.com,2001,10,18
Al,nwilsonautomated@yahoo.com,2001,10,18
Clay,nwilsonautomated@yahoo.com,2001,10,19
Antonio,nwilsonautomated@yahoo.com,2001,10,20
Sandy,nwilsonautomated@yahoo.com,2001,10,21
Timbra,nwilsonautomated@yahoo.com,2001,10,21
Katie,nwilsonautomated@yahoo.com,2001,10,22
Sylvana,nwilsonautomated@yahoo.com,2001,10,22
Groucho,nwilsonautomated@yahoo.com,2001,10,23
Snooty,nwilsonautomated@yahoo.com,2001,10,24
Broffina,nwilsonautomated@yahoo.com,2001,10,24
Portia,nwilsonautomated@yahoo.com,2001,10,25
Eugene,nwilsonautomated@yahoo.com,2001,10,26
Jambette,nwilsonautomated@yahoo.com,2001,10,27
Gaston,nwilsonautomated@yahoo.com,2001,10,28
Katrina,nwilsonautomated@yahoo.com,2001,10,28
Rodeo,nwilsonautomated@yahoo.com,2001,10,29
Wade,nwilsonautomated@yahoo.com,2001,10,30
Labelle,nwilsonautomated@yahoo.com,2001,10,31
Jack,nwilsonautomated@yahoo.com,2001,10,31
Butch,nwilsonautomated@yahoo.com,2001,11,1
Iggly,nwilsonautomated@yahoo.com,2001,11,2
Snake,nwilsonautomated@yahoo.com,2001,11,3
Lucky,nwilsonautomated@yahoo.com,2001,11,4
Lobo,nwilsonautomated@yahoo.com,2001,11,5
Boris,nwilsonautomated@yahoo.com,2001,11,6
Bam,nwilsonautomated@yahoo.com,2001,11,7
Alli,nwilsonautomated@yahoo.com,2001,11,8
Pango,nwilsonautomated@yahoo.com,2001,11,9
Rodney,nwilsonautomated@yahoo.com,2001,11,10
Saharah,nwilsonautomated@yahoo.com,2001,11,10
Mac,nwilsonautomated@yahoo.com,2001,11,11
Mathilda,nwilsonautomated@yahoo.com,2001,11,12
Queenie,nwilsonautomated@yahoo.com,2001,11,13
Gracie,nwilsonautomated@yahoo.com,2001,11,14
Pancetti,nwilsonautomated@yahoo.com,2001,11,14
Sly,nwilsonautomated@yahoo.com,2001,11,15
Daisy,nwilsonautomated@yahoo.com,2001,11,16
Mallary,nwilsonautomated@yahoo.com,2001,11,17
Tia,nwilsonautomated@yahoo.com,2001,11,18
Amelia,nwilsonautomated@yahoo.com,2001,11,19
Sparro,nwilsonautomated@yahoo.com,2001,11,20
Flip,nwilsonautomated@yahoo.com,2001,11,21
Claudia,nwilsonautomated@yahoo.com,2001,11,22
Sable,nwilsonautomated@yahoo.com,2001,11,22
Knox,nwilsonautomated@yahoo.com,2001,11,23
Shep,nwilsonautomated@yahoo.com,2001,11,24
Wolfgang,nwilsonautomated@yahoo.com,2001,11,25
Willow,nwilsonautomated@yahoo.com,2001,11,26
Phil,nwilsonautomated@yahoo.com,2001,11,27
Peaches,nwilsonautomated@yahoo.com,2001,11,28
Kabuki,nwilsonautomated@yahoo.com,2001,11,29
Tasha,nwilsonautomated@yahoo.com,2001,11,30
Kicks,nwilsonautomated@yahoo.com,2001,11,30
Sprocket,nwilsonautomated@yahoo.com,2001,12,1
Rooney,nwilsonautomated@yahoo.com,2001,12,1
Annalise,nwilsonautomated@yahoo.com,2001,12,2
Claude,nwilsonautomated@yahoo.com,2001,12,3
Robin,nwilsonautomated@yahoo.com,2001,12,4
Carrie,nwilsonautomated@yahoo.com,2001,12,5
Hans,nwilsonautomated@yahoo.com,2001,12,5
Kyle,nwilsonautomated@yahoo.com,2001,12,6
Buzz,nwilsonautomated@yahoo.com,2001,12,7
Monty,nwilsonautomated@yahoo.com,2001,12,7
Eloise,nwilsonautomated@yahoo.com,2001,12,8
Chip,nwilsonautomated@yahoo.com,2001,12,9
Becky,nwilsonautomated@yahoo.com,2001,12,9
Tom,nwilsonautomated@yahoo.com,2001,12,10
Sterling,nwilsonautomated@yahoo.com,2001,12,11
Lucha,nwilsonautomated@yahoo.com,2001,12,12
Bianca,nwilsonautomated@yahoo.com,2001,12,13
Freya,nwilsonautomated@yahoo.com,2001,12,14
Chadder,nwilsonautomated@yahoo.com,2001,12,15
Gabi,nwilsonautomated@yahoo.com,2001,12,16
Cousteau,nwilsonautomated@yahoo.com,2001,12,17
Wilbur,nwilsonautomated@yahoo.com,2001,12,17
Fang,nwilsonautomated@yahoo.com,2001,12,18
Chief,nwilsonautomated@yahoo.com,2001,12,19
Isabelle,nwilsonautomated@yahoo.com,2001,12,20
Digby,nwilsonautomated@yahoo.com,2001,12,20
Rudy,nwilsonautomated@yahoo.com,2001,12,20
Blanche,nwilsonautomated@yahoo.com,2001,12,21
Quillson,nwilsonautomated@yahoo.com,2001,12,22
Ken,nwilsonautomated@yahoo.com,2001,12,23
Jingle,nwilsonautomated@yahoo.com,2001,12,24
Ruby,nwilsonautomated@yahoo.com,2001,12,25
Pashmina,nwilsonautomated@yahoo.com,2001,12,26
Goldie,nwilsonautomated@yahoo.com,2001,12,27
Bella,nwilsonautomated@yahoo.com,2001,12,28
Vic,nwilsonautomated@yahoo.com,2001,12,29
Murphy,nwilsonautomated@yahoo.com,2001,12,29
Hugh,nwilsonautomated@yahoo.com,2001,12,30
Marcel,nwilsonautomated@yahoo.com,2001,12,31
